chrom,pos,ref,alt,indiv_name,mutation_type,type_of_subst,name,id,start,stop,orientation,based_on_coordinates,arm,start_pre,type,pre_name,start_pre_build,stop_pre_build,confidence,balance,mirgenedb_ID,no_of_loc,from_start,from_end,cut_region,duplex,seed,motifs_UAGGGAW,motifs_AUUUUUAUUUU,motifs_GGGU,motifs_GGAG,motifs_YGCY,motifs_UGC,motifs_UGU,motifs_AUCUU,motifs_SMUANY,motifs_CAUC,motifs_UAUAA,motifs_UUUUUCCNUCUUU,motifs_VCAUCH,motifs_GCAUG,motifs_CAGAC,motifs_UGUNNNNNNNUGU,motifs_GCAGCGC,motifs,weight,hgvs_g,hgvs
chr11,81890763,C,A,sample01,subst,transversion,hsa-mir-4300_seed,MI0015831,81890761,81890767,-,yes,3p,81890741.0,seed,hsa-mir-4300,81890741.0,81890836.0,Low,3p,,1,5,-3,0,1,1,no_change,no_change,no_change,no_change,no_change,no_change,no_change,no_change,no_change,no_change,no_change,no_change,no_change,no_change,no_change,no_change,no_change,0,2.0,NC_000011.10:g.81890763C>A,n.74G>T
chr12,116428302,A,C,sample01,subst,transversion,hsa-mir-4472-2_post-seed,MI0016824,116428294,116428303,-,yes,5p,116428252.0,post-seed,hsa-mir-4472-2,116428252.0,116428318.0,Low,5p,,1,2,-9,0,1,0,no_change,no_change,no_change,no_change,no_change,no_change,no_change,no_change,no_change,no_change,no_change,no_change,no_change,no_change,no_change,no_change,no_change,0,1.5,NC_000012.12:g.116428302A>C,n.17T>G
chr12,123536444,T,A,sample01,subst,transversion,hsa-mir-3908_loop,MI0016412,123536435,123536509,+,no,loop,123536409.0,loop,hsa-mir-3908,123536409.0,123536534.0,Low,5p,,1,10,-66,0,0,0,no_change,no_change,no_change,no_change,no_change,no_change,no_change,no_change,no_change,no_change,no_change,no_change,no_change,no_change,no_change,no_change,no_change,0,1.0,NC_000012.12:g.123536444T>A,n.36T>A
chr14,54878199,G,A,sample01,subst,transition,hsa-mir-4308_flanking-5,MI0015839,54878184,54878208,-,no,5p,54878113.0,flanking-5,hsa-mir-4308,54878113.0,54878193.0,Low,3p,,1,10,-16,0,0,0,no_change,no_change,no_change,no_change,no_change,no_change,no_change,no_change,no_change,no_change,no_change,no_change,no_change,no_change,no_change,no_change,no_change,0,1.0,NC_000014.9:g.54878199G>A,n.1-6C>T
chr16,17048,G,C,sample01,subst,transversion,hsa-mir-6859-4_flanking-3,MI0031521,17027,17051,-,yes,3p,17052.0,flanking-3,hsa-mir-6859-4,17052.0,17119.0,Low,5p,,1,4,-22,0,0,0,no_change,no_change,no_change,no_change,no_change,no_change,no_change,no_change,no_change,no_change,no_change,no_change,no_change,no_change,no_change,no_change,no_change,0,1.0,NC_000016.10:g.17048G>C,n.68+4C>G
chr16,5632491,G,T,sample01,subst,transversion,hsa-mir-8065_pred-5_post-seed,MI0025901,5632487,5632504,+,no,5p,5632467.0,post-seed,hsa-mir-8065,5632467.0,5632566.0,Low,3p,,1,5,-14,0,1,0,no_change,no_change,no_change,no_change,no_change,no_change,no_change,no_change,no_change,no_change,no_change,no_change,no_change,no_change,no_change,no_change,no_change,0,1.5,NC_000016.10:g.5632491G>T,n.25G>T
chr17,79707169,G,A,sample01,subst,transition,hsa-mir-4739_flanking-3,MI0017377,79707158,79707182,-,no,3p,79707176.0,flanking-3,hsa-mir-4739,79707176.0,79707249.0,Low,5p,Hsa-Mir-4739_pre,1,14,-12,0,0,0,no_change,no_change,no_change,no_change,no_change,no_change,no_change,no_change,no_change,no_change,no_change,no_change,no_change,no_change,no_change,no_change,no_change,0,1.0,NC_000017.11:g.79707169G>A,n.74+7C>T
chr19,7617516,A,C,sample01,subst,transversion,hsa-mir-6792_flanking-3,MI0022637,7617502,7617526,+,yes,3p,7617439.0,flanking-3,hsa-mir-6792,7617439.0,7617505.0,Low,both,,1,15,-11,0,0,0,no_change,no_change,no_change,no_change,no_change,no_change,no_change,no_change,no_change,no_change,no_change,no_change,no_change,no_change,no_change,no_change,no_change,0,1.0,NC_000019.10:g.7617516A>C,n.67+11A>C
chr19,7617522,T,C,sample012,subst,transition,hsa-mir-6792_flanking-3,MI0022637,7617502,7617526,+,yes,3p,7617439.0,flanking-3,hsa-mir-6792,7617439.0,7617505.0,Low,both,,1,21,-5,0,0,0,no_change,no_change,no_change,no_change,no_change,no_change,no_change,no_change,no_change,no_change,no_change,no_change,no_change,no_change,no_change,no_change,no_change,0,1.0,NC_000019.10:g.7617522T>C,n.67+17T>C
chr19,52281880,T,A,sample01,subst,transversion,hsa-mir-643_flanking-3,MI0003658,52281879,52281903,+,yes,3p,52281797.0,flanking-3,hsa-mir-643,52281797.0,52281893.0,Low,3p,,1,2,-24,0,0,0,no_change,no_change,no_change,no_change,no_change,no_change,no_change,no_change,no_change,no_change,no_change,no_change,no_change,no_change,no_change,no_change,no_change,0,1.0,NC_000019.10:g.52281880T>A,n.84T>A
chr19,53686516,G,A,sample01,subst,transition,hsa-mir-519c_loop,MI0003148,53686506,53686521,+,yes,loop,53686469.0,loop,hsa-mir-519c,53686469.0,53686555.0,High,both,Hsa-Mir-430-P28_pre,1,11,-6,0,0,0,no_change,no_change,no_change,no_change,no_change,no_change,no_change,no_change,no_change,no_change,no_change,no_change,no_change,no_change,no_change,no_change,no_change,0,1.0,NC_000019.10:g.53686516G>A,n.48G>A
chr19,53787665,C,T,sample01,subst,transition,hsa-mir-371b_flanking-3,MI0017393,53787653,53787677,-,yes,3p,53787677.0,flanking-3,hsa-mir-371b,53787677.0,53787742.0,Low,5p,,2,13,-13,0,0,0,no_change,no_change,no_change,no_change,no_change,no_change,no_change,no_change,no_change,no_change,no_change,no_change,no_change,no_change,no_change,no_change,no_change,0,1.0,NC_000019.10:g.53787665C>T,n.66+12G>A
chr19,53787665,C,T,sample01,subst,transition,hsa-mir-371a_flanking-5,MI0000779,53787655,53787679,+,yes,5p,53787675.0,flanking-5,hsa-mir-371a,53787675.0,53787741.0,High,both,Hsa-Mir-430-P5_pre,2,11,-15,0,0,0,no_change,no_change,no_change,no_change,no_change,no_change,no_change,no_change,no_change,no_change,no_change,no_change,no_change,no_change,no_change,no_change,no_change,0,1.0,NC_000019.10:g.53787665C>T,n.1-10C>T
chr20,34466337,A,T,sample01,subst,transversion,hsa-mir-644a_flanking-5,MI0003659,34466328,34466352,+,no,5p,34466325.0,flanking-5,hsa-mir-644a,34466325.0,34466418.0,Low,3p,,1,10,-16,0,0,0,no_change,no_change,no_change,no_change,no_change,no_change,no_change,no_change,no_change,no_change,no_change,no_change,no_change,no_change,no_change,no_change,no_change,0,1.0,NC_000020.11:g.34466337A>T,n.13A>T
chr22,31160135,C,T,sample01,subst,transition,hsa-mir-3928_flanking-5,MI0016438,31160118,31160142,-,yes,5p,31160062.0,flanking-5,hsa-mir-3928,31160062.0,31160119.0,High,3p,,1,8,-18,0,0,0,no_change,no_change,no_change,no_change,no_change,no_change,no_change,no_change,no_change,no_change,no_change,no_change,no_change,no_change,no_change,no_change,no_change,0,1.0,NC_000022.11:g.31160135C>T,n.1-16G>A
chrX,121370973,C,T,sample01,subst,transition,hsa-mir-3672_flanking-5,MI0016073,121370961,121370985,+,yes,5p,121370972.0,flanking-5,hsa-mir-3672,121370972.0,121371053.0,Low,5p,,1,13,-13,0,0,0,no_change,no_change,no_change,no_change,no_change,no_change,no_change,no_change,no_change,no_change,no_change,no_change,no_change,no_change,no_change,no_change,no_change,0,1.0,NC_000023.11:g.121370973C>T,n.2C>T
chrX,121370977,G,T,sample01,subst,transversion,hsa-mir-3672_flanking-5,MI0016073,121370961,121370985,+,yes,5p,121370972.0,flanking-5,hsa-mir-3672,121370972.0,121371053.0,Low,5p,,1,17,-9,0,0,0,no_change,no_change,no_change,no_change,no_change,no_change,no_change,no_change,no_change,no_change,no_change,no_change,no_change,no_change,no_change,no_change,no_change,0,1.0,NC_000023.11:g.121370977G>T,n.6G>T
chr1,12578990,T,C,sample02,subst,transition,hsa-mir-6730_loop,MI0022575,12578980,12578995,-,yes,loop,12578957.0,loop,hsa-mir-6730,12578957.0,12579023.0,Low,5p,,1,6,-11,0,0,0,no_change,no_change,no_change,no_change,no_change,no_change,no_change,no_change,no_change,no_change,no_change,no_change,no_change,no_change,no_change,no_change,no_change,0,1.0,NC_000001.11:g.12578990T>C,n.34A>G
chr1,16858942,C,T,sample02,subst,transition,hsa-mir-3675_flanking-3,MI0016076,16858933,16858957,-,yes,3p,16858949.0,flanking-3,hsa-mir-3675,16858949.0,16859021.0,Low,both,,1,16,-10,0,0,0,no_change,no_change,no_change,no_change,no_change,no_change,no_change,no_change,no_change,no_change,no_change,no_change,no_change,no_change,no_change,no_change,no_change,0,1.0,NC_000001.11:g.16858942C>T,n.73+7G>A
chr1,66628488,G,A,sample02,subst,transition,hsa-mir-3117_seed,MI0014130,66628486,66628492,+,yes,3p,66628440.0,seed,hsa-mir-3117,66628440.0,66628517.0,Low,3p,,1,3,-5,0,1,1,no_change,no_change,no_change,no_change,no_change,no_change,no_change,no_change,no_change,no_change,no_change,no_change,no_change,no_change,no_change,no_change,no_change,0,2.0,NC_000001.11:g.66628488G>A,n.49G>A
chr1,116560027,C,T,sample02,subst,transition,hsa-mir-548ac_flanking-3,MI0016762,116560013,116560037,-,yes,3p,116560024.0,flanking-3,hsa-mir-548ac,116560024.0,116560111.0,Low,3p,,1,11,-15,0,0,0,no_change,no_change,no_change,no_change,no_change,no_change,no_change,no_change,no_change,no_change,no_change,no_change,no_change,no_change,no_change,no_change,no_change,0,1.0,NC_000001.11:g.116560027C>T,n.85G>A
chr2,32532180,G,T,sample02,subst,transversion,hsa-mir-558_pred-5_seed,MI0003564,32532177,32532183,+,no,5p,32532153.0,seed,hsa-mir-558,32532153.0,32532246.0,Low,3p,,1,4,-4,0,1,0,no_change,no_change,no_change,no_change,no_change,no_change,no_change,no_change,no_change,no_change,no_change,no_change,no_change,no_change,no_change,no_change,no_change,0,1.5,NC_000002.12:g.32532180G>T,n.28G>T
chr2,32532189,G,T,sample02,subst,transversion,hsa-mir-558_pred-5_post-seed,MI0003564,32532184,32532195,+,no,5p,32532153.0,post-seed,hsa-mir-558,32532153.0,32532246.0,Low,3p,,1,6,-7,0,1,0,no_change,no_change,no_change,no_change,no_change,no_change,no_change,no_change,no_change,no_change,no_change,no_change,no_change,no_change,no_change,no_change,no_change,0,1.5,NC_000002.12:g.32532189G>T,n.37G>T
chr2,33418583,C,A,sample02,subst,transversion,hsa-mir-4430_flanking-3,MI0016769,33418562,33418586,+,no,3p,33418516.0,flanking-3,hsa-mir-4430,33418516.0,33418564.0,Low,5p,,1,22,-4,0,0,0,no_change,no_change,no_change,no_change,no_change,no_change,no_change,no_change,no_change,no_change,no_change,no_change,no_change,no_change,no_change,no_change,no_change,0,1.0,NC_000002.12:g.33418583C>A,n.49+19C>A
chr2,64340782,C,G,sample02,subst,transversion,hsa-mir-4433a_post-seed,MI0016773,64340778,64340790,+,yes,5p,64340759.0,post-seed,hsa-mir-4433a,64340759.0,64340839.0,Low,both,,2,5,-9,0,1,0,no_change,no_change,no_change,no_change,no_change,no_change,no_change,no_change,no_change,no_change,no_change,no_change,no_change,no_change,no_change,no_change,no_change,0,1.5,NC_000002.12:g.64340782C>G,n.24C>G
chr2,64340782,C,G,sample02,subst,transversion,hsa-mir-4433b_seed,MI0025511,64340782,64340788,-,yes,3p,64340747.0,seed,hsa-mir-4433b,64340747.0,64340848.0,Low,both,,2,7,-1,0,1,1,no_change,no_change,no_change,no_change,no_change,no_change,no_change,no_change,no_change,no_change,no_change,no_change,no_change,no_change,no_change,no_change,no_change,0,2.0,NC_000002.12:g.64340782C>G,n.67G>C
chr2,102432278,G,A,sample02,subst,transition,hsa-mir-4772_flanking-5,MI0017414,102432275,102432299,+,yes,5p,102432289.0,flanking-5,hsa-mir-4772,102432289.0,102432366.0,High,both,,1,4,-22,0,0,0,no_change,no_change,no_change,no_change,no_change,no_change,no_change,no_change,no_change,no_change,no_change,no_change,no_change,no_change,no_change,no_change,no_change,0,1.0,NC_000002.12:g.102432278G>A,n.1-11G>A
chr6,27147688,A,G,sample02,subst,transition,hsa-mir-3143_flanking-3,MI0014167,27147688,27147712,+,no,3p,27147626.0,flanking-3,hsa-mir-3143,27147626.0,27147688.0,Low,5p,,1,1,-25,1,0,0,no_change,no_change,no_change,no_change,no_change,no_change,no_change,no_change,no_change,no_change,no_change,no_change,no_change,no_change,no_change,no_change,no_change,0,1.5,NC_000006.12:g.27147688A>G,n.63A>G
chr7,7067005,A,G,sample02,subst,transition,hsa-mir-3683_loop,MI0016084,7066998,7067009,-,no,loop,7066964.0,loop,hsa-mir-3683,7066964.0,7067045.0,Low,5p,,1,5,-8,0,0,0,no_change,no_change,no_change,no_change,no_change,no_change,no_change,no_change,no_change,no_change,no_change,no_change,no_change,no_change,no_change,no_change,no_change,0,1.0,NC_000007.14:g.7067005A>G,n.41T>C
chr7,25949900,T,G,sample02,subst,transversion,hsa-mir-148a_flanking-3,MI0000253,25949897,25949921,-,yes,3p,25949919.0,flanking-3,hsa-mir-148a,25949919.0,25949986.0,High,3p,Hsa-Mir-148-P1_pre,1,22,-4,0,0,0,no_change,no_change,no_change,no_change,no_change,no_change,no_change,no_change,no_change,no_change,no_change,no_change,no_change,no_change,no_change,no_change,no_change,0,1.0,NC_000007.14:g.25949900T>G,n.68+19A>C
chr7,32733034,C,A,sample02,subst,transversion,hsa-mir-550b-2_loop,MI0016687,32733021,32733040,-,yes,loop,32732981.0,loop,hsa-mir-550b-2,32732981.0,32733077.0,High,5p,,2,7,-14,0,0,0,no_change,no_change,no_change,no_change,no_change,no_change,no_change,no_change,no_change,no_change,no_change,no_change,no_change,no_change,no_change,no_change,no_change,0,1.0,NC_000007.14:g.32733034C>A,n.44G>T
chr7,32733034,C,A,sample02,subst,transversion,hsa-mir-550a-2_loop,MI0003601,32733025,32733040,+,yes,loop,32732981.0,loop,hsa-mir-550a-2,32732981.0,32733077.0,High,both,Hsa-Mir-550-P2_pre,2,10,-7,0,0,0,no_change,no_change,no_change,no_change,no_change,no_change,no_change,no_change,no_change,no_change,no_change,no_change,no_change,no_change,no_change,loss,no_change,1,1.5,NC_000007.14:g.32733034C>A,n.54C>A
chr7,102293120,G,A,sample02,subst,transition,hsa-mir-4285_seed,MI0015891,102293114,102293120,+,yes,5p,102293103.0,seed,hsa-mir-4285,102293103.0,102293187.0,Low,5p,,1,7,-1,0,1,1,no_change,no_change,no_change,no_change,no_change,no_change,no_change,no_change,no_change,no_change,no_change,no_change,no_change,no_change,no_change,no_change,no_change,0,2.0,NC_000007.14:g.102293120G>A,n.18G>A
chr7,102465754,G,A,sample02,subst,transition,hsa-mir-5090_seed,MI0017979,102465753,102465759,+,yes,5p,102465742.0,seed,hsa-mir-5090,102465742.0,102465826.0,Low,5p,,1,2,-6,0,1,1,no_change,no_change,no_change,no_change,no_change,no_change,no_change,no_change,no_change,no_change,no_change,no_change,no_change,no_change,no_change,no_change,no_change,0,2.0,NC_000007.14:g.102465754G>A,n.13G>A
chr8,100702943,A,T,sample02,subst,transversion,hsa-mir-7705_flanking-3,MI0025241,100702943,100702967,-,no,3p,100702968.0,flanking-3,hsa-mir-7705,100702968.0,100703024.0,Low,5p,,1,25,-1,0,0,0,no_change,no_change,no_change,no_change,no_change,no_change,no_change,no_change,no_change,no_change,no_change,no_change,no_change,no_change,no_change,no_change,no_change,0,1.0,NC_000008.11:g.100702943A>T,n.57+25T>A
chr8,102125435,T,C,sample02,subst,transition,hsa-mir-5680_flanking-5,MI0019280,102125420,102125444,+,no,5p,102125432.0,flanking-5,hsa-mir-5680,102125432.0,102125515.0,Low,3p,,1,16,-10,0,0,0,no_change,no_change,no_change,no_change,no_change,no_change,no_change,no_change,no_change,no_change,no_change,no_change,no_change,no_change,no_change,no_change,no_change,0,1.0,NC_000008.11:g.102125435T>C,n.4T>C
chr11,10508275,A,G,sample02,subst,transition,hsa-mir-4485_flanking-3,MI0016846,10508252,10508276,-,yes,3p,10508270.0,flanking-3,hsa-mir-4485,10508270.0,10508326.0,High,3p,,1,2,-24,0,0,0,no_change,no_change,no_change,no_change,no_change,no_change,no_change,no_change,no_change,no_change,no_change,no_change,no_change,no_change,no_change,no_change,no_change,0,1.0,NC_000011.10:g.10508275A>G,n.52T>C
chr11,79422176,T,C,sample02,subst,transition,hsa-mir-5579_post-seed,MI0019133,79422169,79422182,-,yes,3p,79422169.0,post-seed,hsa-mir-5579,79422169.0,79422226.0,Low,both,Hsa-Mir-5579_pre,1,7,-8,0,1,0,no_change,no_change,no_change,no_change,no_change,no_change,no_change,no_change,no_change,no_change,no_change,no_change,no_change,no_change,no_change,no_change,no_change,0,1.5,NC_000011.10:g.79422176T>C,n.51A>G
chr11,122152219,C,T,sample02,subst,transition,hsa-mir-100_flanking-3,MI0000102,122152215,122152239,-,yes,3p,122152229.0,flanking-3,hsa-mir-100,122152229.0,122152308.0,High,5p,Hsa-Mir-10-P2a_pre,1,21,-5,0,0,0,no_change,no_change,no_change,no_change,no_change,no_change,no_change,no_change,no_change,no_change,no_change,no_change,no_change,no_change,no_change,no_change,no_change,0,1.0,NC_000011.10:g.122152219C>T,n.80+10G>A
chr11,126988496,A,G,sample02,subst,transition,hsa-mir-3167_loop,MI0014198,126988490,126988508,-,no,loop,126988458.0,loop,hsa-mir-3167,126988458.0,126988542.0,Low,3p,,1,13,-7,0,0,0,no_change,no_change,no_change,no_change,no_change,no_change,no_change,no_change,no_change,no_change,no_change,no_change,no_change,no_change,no_change,no_change,no_change,0,1.0,NC_000011.10:g.126988496A>G,n.47T>C
chr11,126988510,A,T,sample02,subst,transversion,hsa-mir-3167_pred-5_post-seed,MI0014198,126988509,126988522,-,no,5p,126988458.0,post-seed,hsa-mir-3167,126988458.0,126988542.0,Low,3p,,1,13,-2,0,1,0,no_change,no_change,no_change,no_change,no_change,no_change,no_change,no_change,no_change,no_change,no_change,no_change,no_change,no_change,no_change,no_change,no_change,0,1.5,NC_000011.10:g.126988510A>T,n.33T>A
chr12,48132876,G,A,sample02,subst,transition,hsa-mir-6505_flanking-3,MI0022217,48132868,48132892,+,yes,3p,48132797.0,flanking-3,hsa-mir-6505,48132797.0,48132867.0,High,5p,,1,9,-17,0,0,0,no_change,no_change,no_change,no_change,no_change,no_change,no_change,no_change,no_change,no_change,no_change,no_change,no_change,no_change,no_change,no_change,no_change,0,1.0,NC_000012.12:g.48132876G>A,n.71+9G>A
chr12,94561770,T,A,sample02,subst,transversion,hsa-mir-5700_flanking-5,MI0019307,94561769,94561793,+,yes,5p,94561789.0,flanking-5,hsa-mir-5700,94561789.0,94561859.0,Low,5p,,1,2,-24,0,0,0,no_change,no_change,no_change,no_change,no_change,no_change,no_change,no_change,no_change,no_change,no_change,no_change,no_change,no_change,no_change,no_change,no_change,0,1.0,NC_000012.12:g.94561770T>A,n.1-19T>A
chr12,94561868,G,T,sample02,subst,transversion,hsa-mir-5700_flanking-3,MI0019307,94561858,94561882,+,no,3p,94561789.0,flanking-3,hsa-mir-5700,94561789.0,94561859.0,Low,5p,,1,11,-15,0,0,0,no_change,no_change,no_change,no_change,no_change,no_change,no_change,no_change,no_change,no_change,no_change,no_change,no_change,no_change,no_change,no_change,no_change,0,1.0,NC_000012.12:g.94561868G>T,n.71+9G>T
chr12,128294158,G,A,sample02,subst,transition,hsa-mir-3612_pred-3_post-seed,MI0016002,128294153,128294166,+,no,3p,128294092.0,post-seed,hsa-mir-3612,128294092.0,128294178.0,Low,5p,Hsa-Mir-3612_pre,1,6,-9,0,1,0,no_change,no_change,no_change,no_change,no_change,no_change,no_change,no_change,no_change,no_change,no_change,no_change,no_change,no_change,no_change,no_change,no_change,0,1.5,NC_000012.12:g.128294158G>A,n.67G>A
chr14,31014749,T,A,sample022,subst,transversion,hsa-mir-624_flanking-5,MI0003638,31014728,31014752,-,yes,5p,31014646.0,flanking-5,hsa-mir-624,31014646.0,31014742.0,High,both,Hsa-Mir-624_pre,1,4,-22,0,0,0,no_change,no_change,no_change,no_change,no_change,no_change,no_change,no_change,no_change,no_change,no_change,no_change,no_change,no_change,no_change,no_change,no_change,0,1.0,NC_000014.9:g.31014749T>A,n.1-7A>T
chr14,101059844,G,A,sample02,subst,transition,hsa-mir-154_flanking-3,MI0000480,101059827,101059851,+,yes,3p,101059755.0,flanking-3,hsa-mir-154,101059755.0,101059838.0,High,both,Hsa-Mir-154-P1_pre,1,18,-8,0,0,0,no_change,no_change,no_change,no_change,no_change,no_change,no_change,no_change,no_change,no_change,no_change,no_change,no_change,no_change,no_change,no_change,no_change,0,1.0,NC_000014.9:g.101059844G>A,n.84+6G>A
chr6,75428430,C,CAG,sample02,ins,n.a.,hsa-mir-4463_pred-5_post-seed,MI0016811,75428425,75428438,+,no,5p,75428407.0,post-seed,hsa-mir-4463,75428407.0,75428473.0,Low,3p,,1,6,-9,0,1,0,no_change,no_change,no_change,no_change,no_change,no_change,no_change,no_change,no_change,no_change,no_change,no_change,no_change,no_change,no_change,no_change,no_change,0,1.5,NC_000006.12:g.75428430_75428431insAG,n.23_24insAG
chr11,79422248,T,TACACACAC,sample02,ins,n.a.,hsa-mir-5579_flanking-5,MI0019133,79422227,79422251,-,yes,5p,79422169.0,flanking-5,hsa-mir-5579,79422169.0,79422226.0,Low,both,Hsa-Mir-5579_pre,1,4,-22,0,0,0,no_change,no_change,no_change,no_change,no_change,no_change,no_change,no_change,no_change,no_change,no_change,no_change,no_change,no_change,no_change,no_change,no_change,0,1.0,NC_000011.10:g.79422248_79422249insACACACAC,n.-22_-21insGTGTGTGT
chr5,129097703,TA,T,sample02,del,n.a.,hsa-mir-4633_seed,MI0017260,129097703,129097709,+,yes,5p,129097688.0,seed,hsa-mir-4633,129097688.0,129097766.0,Low,5p,,1,1,-7,0,1,1,no_change,no_change,no_change,no_change,no_change,no_change,no_change,no_change,no_change,no_change,no_change,no_change,no_change,no_change,no_change,no_change,no_change,0,2.0,NC_000005.10:g.129097704del,17.0delA
chr13,49996437,CT,C,sample02,del,n.a.,hsa-mir-3613_post-seed,MI0016003,49996426,49996441,-,yes,3p,49996415.0,post-seed,hsa-mir-3613,49996415.0,49996501.0,High,5p,Hsa-Mir-3613_pre,1,5,-12,0,1,0,no_change,no_change,no_change,no_change,no_change,no_change,no_change,no_change,no_change,no_change,no_change,no_change,no_change,no_change,no_change,no_change,no_change,0,1.5,NC_000013.11:g.49996438del,66.0delG
chr13,49996468,CA,C,sample02,del,n.a.,hsa-mir-3613_post-seed,MI0016003,49996465,49996478,-,yes,5p,49996415.0,post-seed,hsa-mir-3613,49996415.0,49996501.0,High,5p,Hsa-Mir-3613_pre,1,11,-4,0,1,0,no_change,no_change,no_change,no_change,no_change,no_change,no_change,no_change,no_change,no_change,no_change,no_change,no_change,no_change,no_change,no_change,no_change,0,1.5,NC_000013.11:g.49996469del,35.0delG
chr14,77266279,CA,C,sample02,del,n.a.,hsa-mir-1260a_flanking-3,MI0006394,77266278,77266302,+,no,3p,77266218.0,flanking-3,hsa-mir-1260a,77266218.0,77266290.0,Low,5p,,1,2,-24,0,0,0,no_change,no_change,no_change,no_change,no_change,no_change,no_change,no_change,no_change,no_change,no_change,no_change,no_change,no_change,no_change,no_change,no_change,0,1.0,NC_000014.9:g.77266280del,63.0delA
chr11,64341843,GGTTGTGGTCTGAGGTCTTGGG,G,sample01,del,n.a.,hsa-mir-7155_flanking-3,MI0023615,64341824,64341848,-,yes,3p,64341849.0,flanking-3,hsa-mir-7155,64341849.0,64341904.0,Low,3p,,1,6,-20,0,0,0,no_change,no_change,no_change,no_change,no_change,no_change,no_change,no_change,no_change,no_change,no_change,no_change,no_change,no_change,no_change,no_change,no_change,0,1.0,NC_000011.10:g.64341844_64341864del,56+7_56+28delCCAAGACCTCAGACCACAACC
chr11,70284011,CTTTT,C,sample01,del,n.a.,hsa-mir-548k_loop,MI0006354,70284008,70284021,+,no,loop,70283955.0,loop,hsa-mir-548k,70283955.0,70284070.0,Low,5p,,1,4,-11,0,0,0,no_change,no_change,no_change,no_change,no_change,no_change,no_change,no_change,no_change,no_change,no_change,no_change,no_change,no_change,no_change,no_change,no_change,0,1.0,NC_000011.10:g.70284012_70284015del,58.0_62.0delTTTT
chr11,70284017,ATGGC,A,sample01,del,n.a.,hsa-mir-548k_loop,MI0006354,70284008,70284021,+,no,loop,70283955.0,loop,hsa-mir-548k,70283955.0,70284070.0,Low,5p,,1,10,-5,0,0,0,no_change,no_change,no_change,no_change,no_change,no_change,no_change,no_change,no_change,no_change,no_change,no_change,no_change,no_change,no_change,no_change,no_change,0,1.0,NC_000011.10:g.70284018_70284021del,64.0_68.0delTGGC
chr11,81890764,TCCCACTGCTTTG,T,sample01,del,n.a.,hsa-mir-4300_seed,MI0015831,81890761,81890767,-,yes,3p,81890741.0,seed,hsa-mir-4300,81890741.0,81890836.0,Low,3p,,1,4,-4,0,1,1,no_change,no_change,no_change,no_change,no_change,no_change,no_change,no_change,no_change,no_change,no_change,no_change,no_change,no_change,no_change,no_change,no_change,0,2.0,NC_000011.10:g.81890765_81890776del,74.0_86.0delAAAGCAGTGGGA
chr12,116428307,CCA,C,sample01,del,n.a.,hsa-mir-4472-2_seed,MI0016824,116428304,116428310,-,yes,5p,116428252.0,seed,hsa-mir-4472-2,116428252.0,116428318.0,Low,5p,,1,4,-4,0,1,1,no_change,no_change,no_change,no_change,no_change,no_change,no_change,no_change,no_change,no_change,no_change,no_change,no_change,no_change,no_change,no_change,no_change,0,2.0,NC_000012.12:g.116428308_116428309del,13.0_15.0delGG
chr22,37847703,CCCTGAACCAAGGAAGAGACTGTGACTCTTCCTTGGTTCAGGGAAGGT,C,sample01,del,n.a.,hsa-mir-659_post-seed,MI0003683,37847693,37847706,-,yes,3p,37847678.0,post-seed,hsa-mir-659,37847678.0,37847774.0,High,5p,,1,4,-11,0,1,0,no_change,no_change,no_change,no_change,no_change,no_change,no_change,no_change,no_change,no_change,no_change,no_change,no_change,no_change,no_change,no_change,no_change,0,1.5,NC_000022.11:g.37847704_37847750del,73.0_120.0delCCTTCCCTGAACCAAGGAAGAGTCACAGTCTCTTCCTTGGTTCAGGG
chr1,17358,ACTT,A,sample02,del,n.a.,hsa-mir-6859-1_flanking-3,MI0022705,17344,17368,-,yes,3p,17369.0,flanking-3,hsa-mir-6859-1,17369.0,17436.0,High,5p,,1,11,-15,0,0,0,no_change,no_change,no_change,no_change,no_change,no_change,no_change,no_change,no_change,no_change,no_change,no_change,no_change,no_change,no_change,no_change,no_change,0,1.0,NC_000001.11:g.17359_17361del,68+12_68+15delAGT
chr2,50696234,TAC,T,sample02,del,n.a.,hsa-mir-8485_pred-5_post-seed,MI0027288,50696233,50696244,-,no,5p,50696172.0,post-seed,hsa-mir-8485,50696172.0,50696262.0,Low,3p,,1,11,-2,0,1,0,no_change,no_change,no_change,no_change,no_change,no_change,no_change,no_change,no_change,no_change,no_change,no_change,no_change,no_change,no_change,no_change,no_change,0,1.5,NC_000002.12:g.50696235_50696236del,30.0_32.0delTA
chr5,129097705,TGCCTGGCTAGCTCCTCCACAAATGCG,T,sample02,del,n.a.,hsa-mir-4633_seed,MI0017260,129097703,129097709,+,yes,5p,129097688.0,seed,hsa-mir-4633,129097688.0,129097766.0,Low,5p,,1,3,-5,0,1,1,no_change,no_change,no_change,no_change,no_change,no_change,no_change,no_change,no_change,no_change,no_change,no_change,no_change,no_change,no_change,no_change,no_change,0,2.0,NC_000005.10:g.129097706_129097731del,19.0_45.0delGCCTGGCTAGCTCCTCCACAAATGCG
chr5,154685821,TTA,T,sample02,del,n.a.,hsa-mir-1303_loop,MI0006370,154685810,154685826,+,no,loop,154685776.0,loop,hsa-mir-1303,154685776.0,154685861.0,Low,3p,,1,12,-6,0,0,0,no_change,no_change,no_change,no_change,no_change,no_change,no_change,no_change,no_change,no_change,no_change,no_change,no_change,no_change,no_change,no_change,no_change,0,1.0,NC_000005.10:g.154685822_154685823del,47.0_49.0delTA
chr12,116148628,TATAC,T,sample02,del,n.a.,hsa-mir-620_loop,MI0003634,116148595,116148628,-,no,loop,116148560.0,loop,hsa-mir-620,116148560.0,116148654.0,Low,unknown,,1,1,-34,1,0,0,no_change,no_change,no_change,no_change,no_change,no_change,no_change,no_change,no_change,no_change,no_change,no_change,no_change,no_change,no_change,no_change,no_change,0,1.5,NC_000012.12:g.116148629_116148632del,28.0_32.0delTATA
chr12,116148630,TAC,T,sample02,del,n.a.,hsa-mir-620_pred-5_post-seed,MI0003634,116148629,116148640,-,no,5p,116148560.0,post-seed,hsa-mir-620,116148560.0,116148654.0,Low,unknown,,1,11,-2,0,1,0,no_change,no_change,no_change,no_change,no_change,no_change,no_change,no_change,no_change,no_change,no_change,no_change,no_change,no_change,no_change,no_change,no_change,0,1.5,NC_000012.12:g.116148631_116148632del,26.0_28.0delTA
chr12,123536488,ATTT,"A,AT,ATT,ATTTT",sample01,multimutation,n.a.,hsa-mir-3908_loop,MI0016412,123536435,123536509,+,no,loop,123536409.0,loop,hsa-mir-3908,123536409.0,123536534.0,Low,5p,,1,54,-22,0,0,0,no_change,no_change,no_change,no_change,no_change,no_change,no_change,no_change,no_change,no_change,no_change,no_change,no_change,no_change,no_change,no_change,no_change,0,1.0,,
chr15,36972816,GCA,"TCA,TTT",sample01,multimutation,n.a.,hsa-mir-8063_flanking-3,MI0025899,36972806,36972830,-,yes,3p,36972821.0,flanking-3,hsa-mir-8063,36972821.0,36972901.0,Low,3p,,1,15,-11,0,0,0,no_change,no_change,no_change,no_change,no_change,no_change,no_change,no_change,no_change,no_change,no_change,no_change,no_change,no_change,no_change,no_change,no_change,0,1.0,,
chr15,65719324,CT,"C,CTT",sample01,multimutation,n.a.,hsa-mir-4511_flanking-5,MI0016877,65719319,65719343,-,yes,5p,65719246.0,flanking-5,hsa-mir-4511,65719246.0,65719332.0,Low,5p,,1,20,-6,0,0,0,no_change,no_change,no_change,no_change,no_change,no_change,no_change,no_change,no_change,no_change,no_change,no_change,no_change,no_change,no_change,no_change,no_change,0,1.0,,
chr15,89850717,CTTT,"C,CTT,CTTTT",sample01,multimutation,n.a.,hsa-mir-5094_flanking-5,MI0017983,89850712,89850736,-,yes,5p,89850637.0,flanking-5,hsa-mir-5094,89850637.0,89850721.0,Low,5p,Hsa-Mir-5094_pre,1,20,-6,0,0,0,no_change,no_change,no_change,no_change,no_change,no_change,no_change,no_change,no_change,no_change,no_change,no_change,no_change,no_change,no_change,no_change,no_change,0,1.0,,
chr17,31094428,TA,"T,TAA",sample01,multimutation,n.a.,hsa-mir-4733_flanking-5,MI0017370,31094417,31094441,-,yes,5p,31094350.0,flanking-5,hsa-mir-4733,31094350.0,31094425.0,High,both,,1,14,-12,0,0,0,no_change,no_change,no_change,no_change,no_change,no_change,no_change,no_change,no_change,no_change,no_change,no_change,no_change,no_change,no_change,no_change,no_change,0,1.0,,
chr2,32532172,G,"GTGTGTGT,GTGTGTGTGTGTGT,GTGTGTGTGTGTGTGT,GTGTGTGTGTGTGTGTGT",sample02,multimutation,n.a.,hsa-mir-558_flanking-5,MI0003564,32532151,32532175,+,no,5p,32532153.0,flanking-5,hsa-mir-558,32532153.0,32532246.0,Low,3p,,1,22,-4,0,0,0,no_change,no_change,no_change,no_change,no_change,no_change,no_change,no_change,no_change,no_change,no_change,no_change,no_change,no_change,no_change,no_change,no_change,0,1.0,,
chr6,154853390,CT,"C,CTT",sample02,multimutation,n.a.,hsa-mir-1273c_post-seed,MI0014171,154853377,154853390,+,yes,5p,154853360.0,post-seed,hsa-mir-1273c,154853360.0,154853436.0,Low,5p,,1,14,-1,1,1,0,no_change,no_change,no_change,no_change,no_change,no_change,no_change,no_change,no_change,no_change,no_change,no_change,no_change,no_change,no_change,no_change,no_change,0,1.5,,
chr12,50234211,CTT,"C,CT,CTTT",sample02,multimutation,n.a.,hsa-mir-1293_flanking-5,MI0006355,50234204,50234228,-,yes,5p,50234142.0,flanking-5,hsa-mir-1293,50234142.0,50234212.0,Low,5p,,1,18,-8,0,0,0,no_change,no_change,no_change,no_change,no_change,no_change,no_change,no_change,no_change,no_change,no_change,no_change,no_change,no_change,no_change,no_change,no_change,0,1.0,,
chr12,123536488,ATTT,"A,AT,ATT,ATTTT",sample02,multimutation,n.a.,hsa-mir-3908_loop,MI0016412,123536435,123536509,+,no,loop,123536409.0,loop,hsa-mir-3908,123536409.0,123536534.0,Low,5p,,1,54,-22,0,0,0,no_change,no_change,no_change,no_change,no_change,no_change,no_change,no_change,no_change,no_change,no_change,no_change,no_change,no_change,no_change,no_change,no_change,0,1.0,,
