c h r o m,p r e _ n a m e,i d,s t o p _ p r e _ b u i l d,s t a r t _ p r e _ b u i l d,p o s,r e f,a l t,m u t a t i o n _ t y p e,t y p e _ o f _ s u b s t,i n d i v _ n a m e,n o _ o f _ l o c
chr1,hsa-mir-3117,MI0014130,66628517.0,66628440.0,66628488,G,A,subst,transition,1,"""1"""
chr1,hsa-mir-3675,MI0016076,16859021.0,16858949.0,16858942,C,T,subst,transition,1,"""1"""
chr1,hsa-mir-548ac,MI0016762,116560111.0,116560024.0,116560027,C,T,subst,transition,1,"""1"""
chr1,hsa-mir-6730,MI0022575,12579023.0,12578957.0,12578990,T,C,subst,transition,1,"""1"""
chr1,hsa-mir-6859-1,MI0022705,17436.0,17369.0,17358,ACTT,A,del,n.a.,1,"""1"""
chr11,hsa-mir-100,MI0000102,122152308.0,122152229.0,122152219,C,T,subst,transition,1,"""1"""
chr11,hsa-mir-3167,MI0014198,126988542.0,126988458.0,126988496,A,G,subst,transition,1,"""1"""
chr11,hsa-mir-3167,MI0014198,126988542.0,126988458.0,126988510,A,T,subst,transversion,1,"""1"""
chr11,hsa-mir-4300,MI0015831,81890836.0,81890741.0,81890763,C,A,subst,transversion,1,"""1"""
chr11,hsa-mir-4300,MI0015831,81890836.0,81890741.0,81890764,TCCCACTGCTTTG,T,del,n.a.,1,"""1"""
chr11,hsa-mir-4485,MI0016846,10508326.0,10508270.0,10508275,A,G,subst,transition,1,"""1"""
chr11,hsa-mir-548k,MI0006354,70284070.0,70283955.0,70284011,CTTTT,C,del,n.a.,1,"""1"""
chr11,hsa-mir-548k,MI0006354,70284070.0,70283955.0,70284017,ATGGC,A,del,n.a.,1,"""1"""
chr11,hsa-mir-5579,MI0019133,79422226.0,79422169.0,79422176,T,C,subst,transition,1,"""1"""
chr11,hsa-mir-5579,MI0019133,79422226.0,79422169.0,79422248,T,TACACACAC,ins,n.a.,1,"""1"""
chr11,hsa-mir-7155,MI0023615,64341904.0,64341849.0,64341843,GGTTGTGGTCTGAGGTCTTGGG,G,del,n.a.,1,"""1"""
chr12,hsa-mir-1293,MI0006355,50234212.0,50234142.0,50234211,CTT,"C,CT,CTTT",multimutation,n.a.,1,"""1"""
chr12,hsa-mir-3612,MI0016002,128294178.0,128294092.0,128294158,G,A,subst,transition,1,"""1"""
chr12,hsa-mir-3908,MI0016412,123536534.0,123536409.0,123536444,T,A,subst,transversion,1,"""1"""
chr12,hsa-mir-3908,MI0016412,123536534.0,123536409.0,123536488,ATTT,"A,AT,ATT,ATTTT",multimutation,n.a.,2,"""1:1"""
chr12,hsa-mir-4472-2,MI0016824,116428318.0,116428252.0,116428302,A,C,subst,transversion,1,"""1"""
chr12,hsa-mir-4472-2,MI0016824,116428318.0,116428252.0,116428307,CCA,C,del,n.a.,1,"""1"""
chr12,hsa-mir-5700,MI0019307,94561859.0,94561789.0,94561770,T,A,subst,transversion,1,"""1"""
chr12,hsa-mir-5700,MI0019307,94561859.0,94561789.0,94561868,G,T,subst,transversion,1,"""1"""
chr12,hsa-mir-620,MI0003634,116148654.0,116148560.0,116148628,TATAC,T,del,n.a.,1,"""1"""
chr12,hsa-mir-620,MI0003634,116148654.0,116148560.0,116148630,TAC,T,del,n.a.,1,"""1"""
chr12,hsa-mir-6505,MI0022217,48132867.0,48132797.0,48132876,G,A,subst,transition,1,"""1"""
chr13,hsa-mir-3613,MI0016003,49996501.0,49996415.0,49996437,CT,C,del,n.a.,1,"""1"""
chr13,hsa-mir-3613,MI0016003,49996501.0,49996415.0,49996468,CA,C,del,n.a.,1,"""1"""
chr14,hsa-mir-1260a,MI0006394,77266290.0,77266218.0,77266279,CA,C,del,n.a.,1,"""1"""
chr14,hsa-mir-154,MI0000480,101059838.0,101059755.0,101059844,G,A,subst,transition,1,"""1"""
chr14,hsa-mir-4308,MI0015839,54878193.0,54878113.0,54878199,G,A,subst,transition,1,"""1"""
chr14,hsa-mir-624,MI0003638,31014742.0,31014646.0,31014749,T,A,subst,transversion,1,"""1"""
chr15,hsa-mir-4511,MI0016877,65719332.0,65719246.0,65719324,CT,"C,CTT",multimutation,n.a.,1,"""1"""
chr15,hsa-mir-5094,MI0017983,89850721.0,89850637.0,89850717,CTTT,"C,CTT,CTTTT",multimutation,n.a.,1,"""1"""
chr15,hsa-mir-8063,MI0025899,36972901.0,36972821.0,36972816,GCA,"TCA,TTT",multimutation,n.a.,1,"""1"""
chr16,hsa-mir-6859-4,MI0031521,17119.0,17052.0,17048,G,C,subst,transversion,1,"""1"""
chr16,hsa-mir-8065,MI0025901,5632566.0,5632467.0,5632491,G,T,subst,transversion,1,"""1"""
chr17,hsa-mir-4733,MI0017370,31094425.0,31094350.0,31094428,TA,"T,TAA",multimutation,n.a.,1,"""1"""
chr17,hsa-mir-4739,MI0017377,79707249.0,79707176.0,79707169,G,A,subst,transition,1,"""1"""
chr19,hsa-mir-371a,MI0000779,53787741.0,53787675.0,53787665,C,T,subst,transition,1,"""2"""
chr19,hsa-mir-371b,MI0017393,53787742.0,53787677.0,53787665,C,T,subst,transition,1,"""2"""
chr19,hsa-mir-519c,MI0003148,53686555.0,53686469.0,53686516,G,A,subst,transition,1,"""1"""
chr19,hsa-mir-643,MI0003658,52281893.0,52281797.0,52281880,T,A,subst,transversion,1,"""1"""
chr19,hsa-mir-6792,MI0022637,7617505.0,7617439.0,7617516,A,C,subst,transversion,1,"""1"""
chr19,hsa-mir-6792,MI0022637,7617505.0,7617439.0,7617522,T,C,subst,transition,1,"""1"""
chr2,hsa-mir-4430,MI0016769,33418564.0,33418516.0,33418583,C,A,subst,transversion,1,"""1"""
chr2,hsa-mir-4433a,MI0016773,64340839.0,64340759.0,64340782,C,G,subst,transversion,1,"""2"""
chr2,hsa-mir-4433b,MI0025511,64340848.0,64340747.0,64340782,C,G,subst,transversion,1,"""2"""
chr2,hsa-mir-4772,MI0017414,102432366.0,102432289.0,102432278,G,A,subst,transition,1,"""1"""
chr2,hsa-mir-558,MI0003564,32532246.0,32532153.0,32532172,G,"GTGTGTGT,GTGTGTGTGTGTGT,GTGTGTGTGTGTGTGT,GTGTGTGTGTGTGTGTGT",multimutation,n.a.,1,"""1"""
chr2,hsa-mir-558,MI0003564,32532246.0,32532153.0,32532180,G,T,subst,transversion,1,"""1"""
chr2,hsa-mir-558,MI0003564,32532246.0,32532153.0,32532189,G,T,subst,transversion,1,"""1"""
chr2,hsa-mir-8485,MI0027288,50696262.0,50696172.0,50696234,TAC,T,del,n.a.,1,"""1"""
chr20,hsa-mir-644a,MI0003659,34466418.0,34466325.0,34466337,A,T,subst,transversion,1,"""1"""
chr22,hsa-mir-3928,MI0016438,31160119.0,31160062.0,31160135,C,T,subst,transition,1,"""1"""
chr22,hsa-mir-659,MI0003683,37847774.0,37847678.0,37847703,CCCTGAACCAAGGAAGAGACTGTGACTCTTCCTTGGTTCAGGGAAGGT,C,del,n.a.,1,"""1"""
chr5,hsa-mir-1303,MI0006370,154685861.0,154685776.0,154685821,TTA,T,del,n.a.,1,"""1"""
chr5,hsa-mir-4633,MI0017260,129097766.0,129097688.0,129097703,TA,T,del,n.a.,1,"""1"""
chr5,hsa-mir-4633,MI0017260,129097766.0,129097688.0,129097705,TGCCTGGCTAGCTCCTCCACAAATGCG,T,del,n.a.,1,"""1"""
chr6,hsa-mir-1273c,MI0014171,154853436.0,154853360.0,154853390,CT,"C,CTT",multimutation,n.a.,1,"""1"""
chr6,hsa-mir-3143,MI0014167,27147688.0,27147626.0,27147688,A,G,subst,transition,1,"""1"""
chr6,hsa-mir-4463,MI0016811,75428473.0,75428407.0,75428430,C,CAG,ins,n.a.,1,"""1"""
chr7,hsa-mir-148a,MI0000253,25949986.0,25949919.0,25949900,T,G,subst,transversion,1,"""1"""
chr7,hsa-mir-3683,MI0016084,7067045.0,7066964.0,7067005,A,G,subst,transition,1,"""1"""
chr7,hsa-mir-4285,MI0015891,102293187.0,102293103.0,102293120,G,A,subst,transition,1,"""1"""
chr7,hsa-mir-5090,MI0017979,102465826.0,102465742.0,102465754,G,A,subst,transition,1,"""1"""
chr7,hsa-mir-550a-2,MI0003601,32733077.0,32732981.0,32733034,C,A,subst,transversion,1,"""2"""
chr7,hsa-mir-550b-2,MI0016687,32733077.0,32732981.0,32733034,C,A,subst,transversion,1,"""2"""
chr8,hsa-mir-5680,MI0019280,102125515.0,102125432.0,102125435,T,C,subst,transition,1,"""1"""
chr8,hsa-mir-7705,MI0025241,100703024.0,100702968.0,100702943,A,T,subst,transversion,1,"""1"""
chrX,hsa-mir-3672,MI0016073,121371053.0,121370972.0,121370973,C,T,subst,transition,1,"""1"""
chrX,hsa-mir-3672,MI0016073,121371053.0,121370972.0,121370977,G,T,subst,transversion,1,"""1"""
