chrom,pos,ref,alt,indiv_name,norm_ref_count,norm_alt_count,tumor_ref_count,tumor_alt_count,alg,mutation_type,type_of_subst,name,id,start,stop,orientation,based_on_coordinates,arm,start_pre_build,type,pre_name,confidence,stop_pre_build,balance,mirgenedb_ID,no_of_loc,from_start,from_end,cut_region,duplex,seed,motifs_UAGGGAW,motifs_AUUUUUAUUUU,motifs_GGGU,motifs_GGAG,motifs_YGCY,motifs_UGC,motifs_UGU,motifs_AUCUU,motifs_SMUANY,motifs_CAUC,motifs_UAUAA,motifs_UUUUUCCNUCUUU,motifs_VCAUCH,motifs_GCAUG,motifs_CAGAC,motifs_UGUNNNNNNNUGU,motifs_GCAGCGC,motifs,weight,hgvs_g
chr1,16859005,C,T,sample01,-1.0,-1.0,-1.0,-1.0,Test,subst,transition,hsa-mir-3675_seed,MI0016076,16859003,16859009,-,yes,5p,16858949.0,seed,hsa-mir-3675,Low,16859021,both,,1,5,-3,0,1,1,-,-,-,-,-,-,-,-,-,-,-,-,-,-,-,-,-,0,2.0,NC_000001.11:g.16859005C>T
chr1,40754357,G,A,sample01,-1.0,-1.0,-1.0,-1.0,Test,subst,transition,hsa-mir-30e_flanking-5,MI0000749,40754346,40754370,+,yes,5p,40754355.0,flanking-5,hsa-mir-30e,High,40754446,5p,Hsa-Mir-30-P1b_pre,1,12,-14,0,0,0,-,-,-,-,-,-,-,-,-,-,-,-,-,-,-,-,-,0,1.0,NC_000001.11:g.40754357G>A
chr1,151545836,G,A,sample01,-1.0,-1.0,-1.0,-1.0,Test,subst,transition,hsa-mir-554_loop,MI0003559,151545832,151545845,+,no,loop,151545796.0,loop,hsa-mir-554,Low,151545891,unknown,,1,5,-10,0,0,0,-,-,-,-,-,-,-,-,-,-,-,-,-,-,-,-,-,0,1.0,NC_000001.11:g.151545836G>A
chr1,171101766,C,T,sample01,-1.0,-1.0,-1.0,-1.0,Test,subst,transition,hsa-mir-1295a_loop,MI0006357,171101759,171101776,-,no,loop,171101728.0,loop,hsa-mir-1295a,Low,171101806,3p,,2,11,-8,0,0,0,-,-,-,-,-,-,-,-,-,-,-,-,-,-,-,-,-,0,1.0,NC_000001.11:g.171101766C>T
chr1,171101766,C,T,sample01,-1.0,-1.0,-1.0,-1.0,Test,subst,transition,hsa-mir-1295b_loop,MI0019146,171101760,171101776,+,yes,loop,171101739.0,loop,hsa-mir-1295b,Low,171101798,3p,Hsa-Mir-1295_pre,2,7,-11,0,0,0,-,-,-,-,-,-,-,-,-,-,-,-,-,-,-,-,-,0,1.0,NC_000001.11:g.171101766C>T
chr1,175968418,C,G,sample01,-1.0,-1.0,-1.0,-1.0,Test,subst,transversion,hsa-mir-1843_pred-3-seed,MI0032314,175968414,175968420,-,no,3p,175968370.0,seed,hsa-mir-1843,Low,175968479,5p,,1,3,-5,0,1,0,-,-,-,-,-,-,-,-,-,-,-,-,-,-,-,-,-,0,1.5,NC_000001.11:g.175968418C>G
chr1,177029377,C,G,sample01,-1.0,-1.0,-1.0,-1.0,Test,subst,transversion,hsa-mir-488_post-seed,MI0003123,177029374,177029386,-,yes,3p,177029363.0,post-seed,hsa-mir-488,High,177029445,3p,Hsa-Mir-488_pre,1,10,-4,0,1,0,-,-,-,-,-,-,-,-,-,-,-,-,-,-,-,-,-,0,1.5,NC_000001.11:g.177029377C>G
chr1,198859111,C,G,sample01,-1.0,-1.0,-1.0,-1.0,Test,subst,transversion,hsa-mir-181a-1_post-seed,MI0000289,198859108,198859122,-,yes,5p,198859044.0,post-seed,hsa-mir-181a-1,High,198859153,5p,Hsa-Mir-181-P1a_pre,1,12,-4,0,1,0,-,-,-,-,-,-,-,-,-,-,-,-,-,-,-,-,-,0,1.5,NC_000001.11:g.198859111C>G
chr1,220200531,T,C,sample01,-1.0,-1.0,-1.0,-1.0,Test,subst,transition,hsa-mir-664a_flanking-3,MI0006442,220200524,220200548,-,yes,3p,220200538.0,flanking-3,hsa-mir-664a,High,220200619,both,,1,18,-8,0,0,0,-,-,-,-,-,-,-,-,-,-,-,-,-,-,-,-,-,0,1.0,NC_000001.11:g.220200531T>C
chr10,35641254,T,A,sample01,-1.0,-1.0,-1.0,-1.0,Test,subst,transversion,hsa-mir-4683_flanking-5,MI0017315,35641241,35641265,-,no,5p,35641172.0,flanking-5,hsa-mir-4683,Low,35641252,3p,,1,12,-14,0,0,0,-,-,-,-,-,-,-,-,-,-,-,-,-,-,-,-,-,0,1.0,NC_000010.11:g.35641254T>A
chr10,54607881,G,T,sample01,-1.0,-1.0,-1.0,-1.0,Test,subst,transversion,hsa-mir-548f-1_flanking-3,MI0006374,54607864,54607888,-,yes,3p,54607874.0,flanking-3,hsa-mir-548f-1,High,54607957,3p,,1,8,-18,0,0,0,-,-,-,-,-,-,-,-,-,-,-,-,-,-,-,-,-,0,1.0,NC_000010.11:g.54607881G>T
chr10,104048080,T,A,sample01,-1.0,-1.0,-1.0,-1.0,Test,subst,transversion,hsa-mir-936_flanking-3,MI0005758,104048076,104048100,-,no,3p,104048089.0,flanking-3,hsa-mir-936,Low,104048186,5p,,1,21,-5,0,0,0,-,-,-,-,-,-,-,-,-,-,-,-,-,-,-,-,-,0,1.0,NC_000010.11:g.104048080T>A
chr10,104218828,C,A,sample01,-1.0,-1.0,-1.0,-1.0,Test,subst,transversion,hsa-mir-609_loop,MI0003622,104218826,104218848,-,no,loop,104218789.0,loop,hsa-mir-609,Low,104218883,5p,,1,21,-3,0,0,0,-,-,-,-,-,-,-,-,-,-,-,-,-,-,-,-,-,0,1.0,NC_000010.11:g.104218828C>A
chr11,67045690,A,G,sample01,-1.0,-1.0,-1.0,-1.0,Test,subst,transition,hsa-mir-6860_seed,MI0022707,67045684,67045690,+,yes,3p,67045643.0,seed,hsa-mir-6860,Low,67045708,3p,,1,7,-1,0,1,1,-,-,-,-,-,-,-,-,-,-,-,-,-,-,-,-,-,0,2.0,NC_000011.10:g.67045690A>G
chr11,90869175,C,A,sample01,-1.0,-1.0,-1.0,-1.0,Test,subst,transversion,hsa-mir-1261_loop,MI0006396,90869144,90869179,-,no,loop,90869121.0,loop,hsa-mir-1261,Low,90869202,5p,,1,5,-32,0,0,0,-,-,-,-,-,-,-,-,-,-,-,-,-,-,-,-,-,0,1.0,NC_000011.10:g.90869175C>A
chr14,101066761,T,A,sample01,-1.0,-1.0,-1.0,-1.0,Test,subst,transversion,hsa-mir-656_loop,MI0003678,101066752,101066765,+,yes,loop,101066724.0,loop,hsa-mir-656,Low,101066801,3p,Hsa-Mir-154-P25_pre,1,10,-5,0,0,0,-,-,-,-,-,-,-,-,-,-,-,-,-,-,-,-,-,0,1.0,NC_000014.9:g.101066761T>A
chr15,31065056,T,A,sample01,-1.0,-1.0,-1.0,-1.0,Test,subst,transversion,hsa-mir-211_flanking-3,MI0000287,31065034,31065058,-,yes,3p,31065032.0,flanking-3,hsa-mir-211,High,31065141,5p,Hsa-Mir-204-P2_pre,1,3,-23,0,0,0,-,-,-,-,-,-,-,-,-,-,-,-,-,-,-,-,-,0,1.0,NC_000015.10:g.31065056T>A
chr19,804957,G,T,sample01,-1.0,-1.0,-1.0,-1.0,Test,subst,transversion,hsa-mir-4745_post-seed,MI0017384,804949,804963,+,yes,5p,804940.0,post-seed,hsa-mir-4745,High,805001,5p,,1,9,-7,0,1,0,-,-,-,-,-,-,-,-,-,-,-,-,-,-,-,-,-,0,1.5,NC_000019.10:g.804957G>T
chr5,154685801,A,G,sample01,-1.0,-1.0,-1.0,-1.0,Test,subst,transition,hsa-mir-1303_pred-5_post-seed,MI0006370,154685797,154685809,+,no,5p,154685776.0,post-seed,hsa-mir-1303,Low,154685861,3p,,1,5,-9,0,1,0,-,-,-,-,-,-,-,-,-,-,-,-,-,-,-,-,-,0,1.5,NC_000005.10:g.154685801A>G
chr6,52144364,C,T,sample01,-1.0,-1.0,-1.0,-1.0,Test,subst,transition,hsa-mir-206_pred-5_seed,MI0000490,52144364,52144370,+,no,5p,52144349.0,seed,hsa-mir-206,Low,52144434,3p,Hsa-Mir-1-P3_pre,1,1,-7,0,1,0,-,-,-,-,-,-,-,-,-,-,-,-,-,-,-,-,-,0,1.5,NC_000006.12:g.52144364C>T
chr7,129770392,G,A,sample01,-1.0,-1.0,-1.0,-1.0,Test,subst,transition,hsa-mir-182_flanking-3,MI0000272,129770381,129770405,-,yes,3p,129770383.0,flanking-3,hsa-mir-182,High,129770492,5p,Hsa-Mir-96-P2_pre,1,14,-12,0,0,0,-,-,-,-,-,-,-,-,-,-,-,-,-,-,-,-,-,0,1.0,NC_000007.14:g.129770392G>A
chr8,9741674,C,T,sample01,-1.0,-1.0,-1.0,-1.0,Test,subst,transition,hsa-mir-597_flanking-5,MI0003609,9741662,9741686,+,yes,5p,9741672.0,flanking-5,hsa-mir-597,High,9741768,both,Hsa-Mir-597_pre,1,13,-13,0,0,0,-,-,-,-,-,-,-,-,-,-,-,-,-,-,-,-,-,0,1.0,NC_000008.11:g.9741674C>T
chr1,151545836,G,A,sample03,-1.0,-1.0,-1.0,-1.0,Test,subst,transition,hsa-mir-554_loop,MI0003559,151545832,151545845,+,no,loop,151545796.0,loop,hsa-mir-554,Low,151545891,unknown,,1,5,-10,0,0,0,-,-,-,-,-,-,-,-,-,-,-,-,-,-,-,-,-,0,1.0,NC_000001.11:g.151545836G>A
chr1,171101766,C,T,sample03,-1.0,-1.0,-1.0,-1.0,Test,subst,transition,hsa-mir-1295a_loop,MI0006357,171101759,171101776,-,no,loop,171101728.0,loop,hsa-mir-1295a,Low,171101806,3p,,2,11,-8,0,0,0,-,-,-,-,-,-,-,-,-,-,-,-,-,-,-,-,-,0,1.0,NC_000001.11:g.171101766C>T
chr1,171101766,C,T,sample03,-1.0,-1.0,-1.0,-1.0,Test,subst,transition,hsa-mir-1295b_loop,MI0019146,171101760,171101776,+,yes,loop,171101739.0,loop,hsa-mir-1295b,Low,171101798,3p,Hsa-Mir-1295_pre,2,7,-11,0,0,0,-,-,-,-,-,-,-,-,-,-,-,-,-,-,-,-,-,0,1.0,NC_000001.11:g.171101766C>T
chr1,228397081,C,T,sample03,-1.0,-1.0,-1.0,-1.0,Test,subst,transition,hsa-mir-6742_loop,MI0022587,228397068,228397082,-,yes,loop,228397048.0,loop,hsa-mir-6742,High,228397109,both,,1,2,-14,0,0,0,-,-,-,-,-,-,-,-,-,-,-,-,-,-,-,-,-,0,1.0,NC_000001.11:g.228397081C>T
chr11,64341909,A,C,sample03,-1.0,-1.0,-1.0,-1.0,Test,subst,transversion,hsa-mir-7155_flanking-5,MI0023615,64341905,64341929,-,yes,5p,64341849.0,flanking-5,hsa-mir-7155,Low,64341904,3p,,1,21,-5,0,0,0,-,-,-,-,-,-,-,-,-,-,-,-,-,-,-,-,-,0,1.0,NC_000011.10:g.64341909A>C
chr12,24212414,G,T,sample03,-1.0,-1.0,-1.0,-1.0,Test,subst,transversion,hsa-mir-920_flanking-5,MI0005712,24212400,24212424,+,no,5p,24212421.0,flanking-5,hsa-mir-920,Low,24212495,3p,,1,15,-11,0,0,0,-,-,-,-,-,-,-,-,-,-,-,-,-,-,-,-,-,0,1.0,NC_000012.12:g.24212414G>T
chr12,24212466,C,A,sample03,-1.0,-1.0,-1.0,-1.0,Test,subst,transversion,hsa-mir-920_loop,MI0005712,24212444,24212470,+,no,loop,24212421.0,loop,hsa-mir-920,Low,24212495,3p,,1,23,-5,0,0,0,-,-,-,-,-,-,-,-,-,-,-,-,-,-,-,-,-,0,1.0,NC_000012.12:g.24212466C>A
chr12,24212476,G,A,sample03,-1.0,-1.0,-1.0,-1.0,Test,subst,transition,hsa-mir-920_seed,MI0005712,24212472,24212478,+,yes,3p,24212421.0,seed,hsa-mir-920,Low,24212495,3p,,1,5,-3,0,1,1,-,-,-,-,-,-,-,-,-,-,-,-,-,-,-,-,-,0,2.0,NC_000012.12:g.24212476G>A
chr17,48156491,G,A,sample03,-1.0,-1.0,-1.0,-1.0,Test,subst,transition,hsa-mir-1203_post-seed,MI0006335,48156486,48156498,-,yes,5p,48156427.0,post-seed,hsa-mir-1203,Low,48156511,5p,,1,8,-6,0,1,0,-,-,-,-,-,-,-,-,-,-,-,-,-,-,-,-,-,0,1.5,NC_000017.11:g.48156491G>A
chr18,39622129,G,T,sample03,-1.0,-1.0,-1.0,-1.0,Test,subst,transversion,hsa-mir-924_pred-3_post-seed,MI0005716,39622126,39622140,-,no,3p,39622123.0,post-seed,hsa-mir-924,Low,39622175,5p,,1,12,-4,0,1,0,-,-,-,-,-,-,-,-,-,-,-,-,-,-,-,-,-,0,1.5,NC_000018.10:g.39622129G>T
chr19,804957,G,T,sample03,-1.0,-1.0,-1.0,-1.0,Test,subst,transversion,hsa-mir-4745_post-seed,MI0017384,804949,804963,+,yes,5p,804940.0,post-seed,hsa-mir-4745,High,805001,5p,,1,9,-7,0,1,0,-,-,-,-,-,-,-,-,-,-,-,-,-,-,-,-,-,0,1.5,NC_000019.10:g.804957G>T
chr20,62332521,C,A,sample03,-1.0,-1.0,-1.0,-1.0,Test,subst,transversion,hsa-mir-4758_loop,MI0017399,62332513,62332533,-,yes,loop,62332487.0,loop,hsa-mir-4758,Low,62332557,both,,1,13,-9,0,0,0,-,-,-,-,loss,-,-,-,-,-,-,-,-,-,-,-,-,1,1.5,NC_000020.11:g.62332521C>A
chr3,112112795,G,T,sample03,-1.0,-1.0,-1.0,-1.0,Test,subst,transversion,hsa-mir-567_flanking-5,MI0003573,112112791,112112815,+,yes,5p,112112801.0,flanking-5,hsa-mir-567,Low,112112898,5p,,1,5,-21,0,0,0,-,-,-,-,-,-,-,-,-,-,-,-,-,-,-,-,-,0,1.0,NC_000003.12:g.112112795G>T
chr5,154685801,A,G,sample03,-1.0,-1.0,-1.0,-1.0,Test,subst,transition,hsa-mir-1303_pred-5_post-seed,MI0006370,154685797,154685809,+,no,5p,154685776.0,post-seed,hsa-mir-1303,Low,154685861,3p,,1,5,-9,0,1,0,-,-,-,-,-,-,-,-,-,-,-,-,-,-,-,-,-,0,1.5,NC_000005.10:g.154685801A>G
chr1,151545836,G,A,sample02,-1.0,-1.0,-1.0,-1.0,Test,subst,transition,hsa-mir-554_loop,MI0003559,151545832,151545845,+,no,loop,151545796.0,loop,hsa-mir-554,Low,151545891,unknown,,1,5,-10,0,0,0,-,-,-,-,-,-,-,-,-,-,-,-,-,-,-,-,-,0,1.0,NC_000001.11:g.151545836G>A
chr1,171101766,C,T,sample02,-1.0,-1.0,-1.0,-1.0,Test,subst,transition,hsa-mir-1295a_loop,MI0006357,171101759,171101776,-,no,loop,171101728.0,loop,hsa-mir-1295a,Low,171101806,3p,,2,11,-8,0,0,0,-,-,-,-,-,-,-,-,-,-,-,-,-,-,-,-,-,0,1.0,NC_000001.11:g.171101766C>T
chr1,171101766,C,T,sample02,-1.0,-1.0,-1.0,-1.0,Test,subst,transition,hsa-mir-1295b_loop,MI0019146,171101760,171101776,+,yes,loop,171101739.0,loop,hsa-mir-1295b,Low,171101798,3p,Hsa-Mir-1295_pre,2,7,-11,0,0,0,-,-,-,-,-,-,-,-,-,-,-,-,-,-,-,-,-,0,1.0,NC_000001.11:g.171101766C>T
chr1,228397081,C,T,sample02,-1.0,-1.0,-1.0,-1.0,Test,subst,transition,hsa-mir-6742_loop,MI0022587,228397068,228397082,-,yes,loop,228397048.0,loop,hsa-mir-6742,High,228397109,both,,1,2,-14,0,0,0,-,-,-,-,-,-,-,-,-,-,-,-,-,-,-,-,-,0,1.0,NC_000001.11:g.228397081C>T
chr8,9741674,C,T,sample02,-1.0,-1.0,-1.0,-1.0,Test,subst,transition,hsa-mir-597_flanking-5,MI0003609,9741662,9741686,+,yes,5p,9741672.0,flanking-5,hsa-mir-597,High,9741768,both,Hsa-Mir-597_pre,1,13,-13,0,0,0,-,-,-,-,-,-,-,-,-,-,-,-,-,-,-,-,-,0,1.0,NC_000008.11:g.9741674C>T
chr9,70809978,A,G,sample02,-1.0,-1.0,-1.0,-1.0,Test,subst,transition,hsa-mir-204_flanking-3,MI0000284,70809968,70809992,-,yes,3p,70809975.0,flanking-3,hsa-mir-204,High,70810084,5p,Hsa-Mir-204-P1_pre,1,15,-11,0,0,0,-,-,-,-,-,-,-,-,-,-,-,-,-,-,-,-,-,0,1.0,NC_000009.12:g.70809978A>G
chrX,134541386,A,T,sample02,-1.0,-1.0,-1.0,-1.0,Test,subst,transversion,hsa-mir-542_loop,MI0003686,134541386,134541399,-,yes,loop,134541341.0,loop,hsa-mir-542,High,134541437,3p,Hsa-Mir-542-v1_pre,1,14,-1,1,0,0,-,-,-,-,-,-,-,-,-,-,-,-,-,-,-,-,-,0,1.5,NC_000023.11:g.134541386A>T
chrX,154768658,A,T,sample02,-1.0,-1.0,-1.0,-1.0,Test,subst,transversion,hsa-mir-664b_flanking-3,MI0019134,154768657,154768681,+,yes,3p,154768596.0,flanking-3,hsa-mir-664b,High,154768656,5p,,1,2,-24,0,0,0,-,-,-,-,-,-,-,-,-,-,-,-,-,-,-,-,-,0,1.0,NC_000023.11:g.154768658A>T
chr8,123348023,A,AGGCTCAAGAGGT,sample02,-1.0,-1.0,-1.0,-1.0,Test,ins,n.a.,hsa-mir-548aa-1_flanking-5,MI0016689,123348020,123348044,+,no,5p,123348034.0,flanking-5,hsa-mir-548aa-1,Low,123348130,3p,,1,4,-22,0,0,0,-,-,-,-,-,-,-,-,-,-,-,-,-,-,-,-,-,0,1.0,NC_000008.11:g.123348023_123348024insGGCTCAAGAGGT
chr8,123348022,A,AT,sample02,-1.0,-1.0,-1.0,-1.0,Test,ins,n.a.,hsa-mir-548aa-1_flanking-5,MI0016689,123348020,123348044,+,no,5p,123348034.0,flanking-5,hsa-mir-548aa-1,Low,123348130,3p,,1,3,-23,0,0,0,-,-,-,-,-,-,-,-,-,-,-,-,-,-,-,-,-,0,1.0,NC_000008.11:g.123348022_123348023insT
chr14,64785688,TG,T,sample01,-1.0,-1.0,-1.0,-1.0,Test,del,n.a.,hsa-mir-7855_flanking-5,MI0025525,64785685,64785709,-,yes,5p,64785626.0,flanking-5,hsa-mir-7855,Low,64785686,5p,,1,22,-4,0,0,0,-,-,-,-,-,-,-,-,-,-,-,-,-,-,-,-,-,0,1.0,NC_000014.9:g.64785689del
chrX,134546414,AC,A,sample02,-1.0,-1.0,-1.0,-1.0,Test,del,n.a.,hsa-mir-503_flanking-5,MI0003188,134546394,134546418,-,yes,5p,134546328.0,flanking-5,hsa-mir-503,High,134546398,5p,Hsa-Mir-15-P2d_pre,1,5,-21,0,0,0,-,-,-,-,-,-,-,-,-,-,-,-,-,-,-,-,-,0,1.0,NC_000023.11:g.134546415del
chr13,91350628,ACAGTG,A,sample01,-1.0,-1.0,-1.0,-1.0,Test,del,n.a.,hsa-mir-17_post-seed,MI0000071,91350626,91350640,+,yes,5p,91350605.0,post-seed,hsa-mir-17,High,91350688,5p,Hsa-Mir-17-P1a_pre,1,3,-13,0,1,0,-,-,-,-,-,-,-,-,-,-,-,-,-,-,-,-,-,0,1.5,NC_000013.11:g.91350629_91350633del
chr17,59841293,GACTGTTGAATCTCATGGCA,G,sample01,-1.0,-1.0,-1.0,-1.0,Test,del,n.a.,hsa-mir-21_post-seed,MI0000077,59841281,59841294,+,yes,5p,59841266.0,post-seed,hsa-mir-21,High,59841337,5p,Hsa-Mir-21_pre,1,13,-2,0,1,0,-,-,-,-,-,-,-,-,-,-,-,-,-,-,-,-,-,0,1.5,NC_000017.11:g.59841294_59841312del
chr22,31621484,GGA,G,sample03,-1.0,-1.0,-1.0,-1.0,Test,del,n.a.,hsa-mir-7109_post-seed,MI0022960,31621473,31621486,-,yes,3p,31621467.0,post-seed,hsa-mir-7109,Low,31621531,both,,1,3,-12,0,1,0,-,-,-,-,-,-,-,-,-,-,-,-,-,-,-,-,-,0,1.5,NC_000022.11:g.31621485_31621486del
chr13,91350628,ACAGTG,A,sample02,-1.0,-1.0,-1.0,-1.0,Test,del,n.a.,hsa-mir-17_post-seed,MI0000071,91350626,91350640,+,yes,5p,91350605.0,post-seed,hsa-mir-17,High,91350688,5p,Hsa-Mir-17-P1a_pre,1,3,-13,0,1,0,-,-,-,-,-,-,-,-,-,-,-,-,-,-,-,-,-,0,1.5,NC_000013.11:g.91350629_91350633del
