chrom,pos,ref,alt,indiv_name,norm_ref_count,norm_alt_count,tumor_ref_count,tumor_alt_count,alg
chr1,16859005,C,T,sample01,,,,,Test
chr1,40754357,G,A,sample01,,,,,Test
chr1,151545836,G,A,sample01,,,,,Test
chr1,171101766,C,T,sample01,,,,,Test
chr1,175968418,C,G,sample01,,,,,Test
chr1,177029377,C,G,sample01,,,,,Test
chr1,198859111,C,G,sample01,,,,,Test
chr1,220200531,T,C,sample01,,,,,Test
chr10,35641254,T,A,sample01,,,,,Test
chr10,54607881,G,T,sample01,,,,,Test
chr10,104048080,T,A,sample01,,,,,Test
chr10,104218828,C,A,sample01,,,,,Test
chr11,67045690,A,G,sample01,,,,,Test
chr11,90869175,C,A,sample01,,,,,Test
chr13,91350628,ACAGTG,A,sample01,,,,,Test
chr14,64785688,TG,T,sample01,,,,,Test
chr14,101066761,T,A,sample01,,,,,Test
chr15,31065056,T,A,sample01,,,,,Test
chr17,59841293,GACTGTTGAATCTCATGGCA,G,sample01,,,,,Test
chr19,804957,G,T,sample01,,,,,Test
chr5,154685801,A,G,sample01,,,,,Test
chr6,52144364,C,T,sample01,,,,,Test
chr7,129770392,G,A,sample01,,,,,Test
chr8,9741674,C,T,sample01,,,,,Test
chr1,151545836,G,A,sample02,,,,,Test
chr1,171101766,C,T,sample02,,,,,Test
chr1,228397081,C,T,sample02,,,,,Test
chr13,91350628,ACAGTG,A,sample02,,,,,Test
chr8,9741674,C,T,sample02,,,,,Test
chr8,123348023,A,AGGCTCAAGAGGT,sample02,,,,,Test
chr8,123348022,A,AT,sample02,,,,,Test
chr9,70809978,A,G,sample02,,,,,Test
chrX,134541386,A,T,sample02,,,,,Test
chrX,134546414,AC,A,sample02,,,,,Test
chrX,154768658,A,T,sample02,,,,,Test
chr1,151545836,G,A,sample03,,,,,Test
chr1,171101766,C,T,sample03,,,,,Test
chr1,228397081,C,T,sample03,,,,,Test
chr11,64341909,A,C,sample03,,,,,Test
chr12,24212414,G,T,sample03,,,,,Test
chr12,24212466,C,A,sample03,,,,,Test
chr12,24212476,G,A,sample03,,,,,Test
chr17,48156491,G,A,sample03,,,,,Test
chr18,39622129,G,T,sample03,,,,,Test
chr19,804957,G,T,sample03,,,,,Test
chr20,62332521,C,A,sample03,,,,,Test
chr22,31621484,GGA,G,sample03,,,,,Test
chr3,112112795,G,T,sample03,,,,,Test
chr5,154685801,A,G,sample03,,,,,Test
