chrom,pre_name,id,stop_pre_build,start_pre_build,pos,ref,alt,mutation_type,type_of_subst,indiv_name,no_of_loc
chr1,hsa-mir-200a,MI0000737,1167952,1167863.0,1167859,C,C,subst,transition,3,"""1:1:1"""
chr1,hsa-mir-200a,MI0000737,1167952,1167863.0,1167872,T,TT,ins,n.a.,3,"""1:1:1"""
chr1,hsa-mir-200a,MI0000737,1167952,1167863.0,1167951,GC,G,del,n.a.,3,"""1:1:1"""
chr1,hsa-mir-205,MI0000285,209432242,209432133.0,209432167,C,T,subst,transition,3,"""1:1:1"""
chr1,hsa-mir-205,MI0000285,209432242,209432133.0,209432234,G,A,subst,transition,3,"""1:1:1"""
chr1,hsa-mir-488,MI0003123,177029445,177029363.0,177029377,C,G,subst,transversion,3,"""1:1:1"""
chr1,hsa-mir-6084,MI0020361,20633788,20633679.0,20633667,G,A,subst,transition,3,"""1:1:1"""
chr1,hsa-mir-6084,MI0020361,20633788,20633679.0,20633686,A,T,subst,transversion,3,"""1:1:1"""
chr10,hsa-mir-3155a,MI0014183,6152277,6152196.0,6152282,T,G,subst,transversion,3,"""2:2:2"""
chr10,hsa-mir-3155b,MI0016839,6152262,6152207.0,6152282,T,G,subst,transversion,3,"""2:2:2"""
chr10,hsa-mir-511,MI0003127,17845193,17845107.0,17845137,C,A,subst,transversion,3,"""1:1:1"""
chr10,hsa-mir-6078,MI0020355,3991259,3991160.0,3991182,C,T,subst,transition,3,"""1:1:1"""
chr10,hsa-mir-6078,MI0020355,3991259,3991160.0,3991252,A,T,subst,transversion,3,"""1:1:1"""
chr5,hsa-mir-1303,MI0006370,154685861,154685776.0,154685821,TTA,TC,indel,n.a.,1,"""1"""
chr5,hsa-mir-4633,MI0017260,129097766,129097688.0,129097705,TGCCTGGCTAGCTCCTCCACAAATGCG,T,del,n.a.,1,"""1"""
